name,type,subdistrict,district,province,standard,approve_date,status
ร้านกันเอง 1,ร้านจำหน่ายอาหาร,ราไวย์,เมืองภูเก็ต,ภูเก็ต,SAN,2025-04-25,ไม่ผ่านเกณฑ์
โอ๊ะ โอ ฟาร์ม สวนหลวง,ร้านจำหน่ายอาหาร,ตลาดเหนือ,เมืองภูเก็ต,ภูเก็ต,SAN,2025-04-25,ไม่ผ่านเกณฑ์
rice beery,ร้านจำหน่ายอาหาร,ตลาดเหนือ,เมืองภูเก็ต,ภูเก็ต,SAN,2025-04-25,ไม่ผ่านเกณฑ์
ไม้หมอนฟอเรส,ร้านจำหน่ายอาหาร,ตลาดใหญ่,เมืองภูเก็ต,ภูเก็ต,SAN,2025-06-17,รับรอง
วีคาเฟ่,ร้านจำหน่ายอาหาร,วิชิต,เมืองภูเก็ต,ภูเก็ต,SAN,2025-04-25,ไม่ผ่านเกณฑ์
ศรีวรา บิสโทร แอนด์ บาร์ ,ร้านจำหน่ายอาหาร,วิชิต,เมืองภูเก็ต,ภูเก็ต,SAN,2025-04-25,ไม่ผ่านเกณฑ์
ร้านzurich bread cafe,อื่นๆ,ไม้ขาว,ถลาง,ภูเก็ต,SAN,2025-04-25,ไม่ผ่านเกณฑ์
โรงเรียนเทศบาลพิบูลสวัสดี,โรงอาหาร,ตลาดใหญ่,เมืองภูเก็ต,ภูเก็ต,มาตรฐาน SAN,2023-06-01,หมดอายุ
โรงเรียนนานาชาติบริติช ภูเก็ต,โรงอาหาร,เกาะแก้ว,เมืองภูเก็ต,ภูเก็ต,SAN,2024-08-06,ไม่ผ่านเกณฑ์
ลิ้มรส2,ร้านจำหน่ายอาหาร,วิชิต,เมืองภูเก็ต,ภูเก็ต,SAN,2024-09-02,ไม่ผ่านเกณฑ์
ลมเหนือ,ร้านจำหน่ายอาหาร,วิชิต,เมืองภูเก็ต,ภูเก็ต,SAN,2024-09-02,ไม่ผ่านเกณฑ์
ตะเกียบทอง สาขา 2,ร้านจำหน่ายอาหาร,วิชิต,เมืองภูเก็ต,ภูเก็ต,SAN,2024-09-02,ไม่ผ่านเกณฑ์
ชิล ริมเล,ร้านจำหน่ายอาหาร,วิชิต,เมืองภูเก็ต,ภูเก็ต,SAN,2024-09-02,ไม่ผ่านเกณฑ์
บริษัท ซีวิวเรสซิเดนท์ จำกัด,ร้านจำหน่ายอาหาร,วิชิต,เมืองภูเก็ต,ภูเก็ต,SAN,2024-09-02,ไม่ผ่านเกณฑ์
Grove Cafe ,ร้านจำหน่ายอาหาร,วิชิต,เมืองภูเก็ต,ภูเก็ต,SAN,2024-09-02,ไม่ผ่านเกณฑ์
ไชโยซีฟู้ด,ร้านจำหน่ายอาหาร,วิชิต,เมืองภูเก็ต,ภูเก็ต,SAN,2024-09-02,ไม่ผ่านเกณฑ์
เอาฟา,ร้านจำหน่ายอาหาร,วิชิต,เมืองภูเก็ต,ภูเก็ต,SAN,2024-09-02,ไม่ผ่านเกณฑ์
ไชโยซีฟู้ด,ร้านจำหน่ายอาหาร,วิชิต,เมืองภูเก็ต,ภูเก็ต,SAN,2025-05-27,รับรอง
ชามทอง,ร้านจำหน่ายอาหาร,ตลาดใหญ่,เมืองภูเก็ต,ภูเก็ต,มาตรฐาน SAN,2025-04-25,หมดอายุ
โรงเรียนอนุบาลภูเก็ต,โรงอาหาร,ตลาดใหญ่,เมืองภูเก็ต,ภูเก็ต,มาตรฐาน SAN,2024-12-02,หมดอายุ
โรงเรียนอนุบาลภูเก็ต,โรงอาหาร,ตลาดใหญ่,เมืองภูเก็ต,ภูเก็ต,SAN,2024-12-02,ไม่ผ่านเกณฑ์
ร้านระย้า ภูเก็ต,ร้านจำหน่ายอาหาร,ตลาดใหญ่,เมืองภูเก็ต,ภูเก็ต,SAN,2025-03-03,ไม่ผ่านเกณฑ์
ร้านหมี่สะปำคุณยายเจียร,ร้านจำหน่ายอาหาร,เกาะแก้ว,เมืองภูเก็ต,ภูเก็ต,SAN,2025-01-03,ไม่ผ่านเกณฑ์
ติ๋มซำกวางตุ้ง,ร้านจำหน่ายอาหาร,วิชิต,เมืองภูเก็ต,ภูเก็ต,SAN,2025-01-03,ไม่ผ่านเกณฑ์
สไบนางคาเฟ่,ร้านจำหน่ายอาหาร,วิชิต,เมืองภูเก็ต,ภูเก็ต,มาตรฐาน SAN,2025-01-03,หมดอายุ
มากันชาบู,ร้านบุฟเฟ่ต์ (ปิ้งย่าง/ชาบู/สุกี้),วิชิต,เมืองภูเก็ต,ภูเก็ต,SAN,2025-01-03,ไม่ผ่านเกณฑ์
ครัวสวนชา,ร้านจำหน่ายอาหาร,วิชิต,เมืองภูเก็ต,ภูเก็ต,SAN,2025-01-03,ไม่ผ่านเกณฑ์
อ่าวยนซีไซค์,ร้านจำหน่ายอาหาร,วิชิต,เมืองภูเก็ต,ภูเก็ต,SAN,2025-01-03,ไม่ผ่านเกณฑ์
อ่าวยนต์บีช แอนด์ เรสเตอรองท์,ร้านจำหน่ายอาหาร,วิชิต,เมืองภูเก็ต,ภูเก็ต,มาตรฐาน SAN,2025-01-03,หมดอายุ
มินามิสเต็กญี่ปุ่น,ร้านจำหน่ายอาหาร,วิชิต,เมืองภูเก็ต,ภูเก็ต,SAN,2025-01-03,ไม่ผ่านเกณฑ์
ลี่ก๋วยเตี๋ยวเนื้อเปื่อย-หมูตุ๋น,ร้านจำหน่ายอาหาร,วิชิต,เมืองภูเก็ต,ภูเก็ต,SAN,2025-01-03,ไม่ผ่านเกณฑ์
สภากาแฟ SR แต๋เตี้ยม (สาขา2),ร้านจำหน่ายอาหาร,วิชิต,เมืองภูเก็ต,ภูเก็ต,SAN,2025-01-03,ไม่ผ่านเกณฑ์
ฮันกิ,ร้านจำหน่ายอาหาร,วิชิต,เมืองภูเก็ต,ภูเก็ต,SAN,2025-01-03,ไม่ผ่านเกณฑ์
ร้าน บขส,ร้านจำหน่ายอาหาร,วิชิต,เมืองภูเก็ต,ภูเก็ต,SAN,2025-01-03,ไม่ผ่านเกณฑ์
ชีวิตของธรรมชาติ,ร้านจำหน่ายอาหาร,วิชิต,เมืองภูเก็ต,ภูเก็ต,SAN,2025-01-03,ไม่ผ่านเกณฑ์
ภัตตาคาร โจวจี,ภัตาคาร,วิชิต,เมืองภูเก็ต,ภูเก็ต,SAN,2025-01-03,ไม่ผ่านเกณฑ์
EAT ME RESTAURANT Panwa Phuket,ร้านจำหน่ายอาหาร,วิชิต,เมืองภูเก็ต,ภูเก็ต,มาตรฐาน SAN,2025-01-03,หมดอายุ
ส้มตำดอกคูณ,ร้านจำหน่ายอาหาร,วิชิต,เมืองภูเก็ต,ภูเก็ต,SAN,2025-01-03,ไม่ผ่านเกณฑ์
ลองแลต่ะ,ร้านจำหน่ายอาหาร,วิชิต,เมืองภูเก็ต,ภูเก็ต,SAN,2025-01-03,ไม่ผ่านเกณฑ์
NAIBAAN CAFE & RESTAURANT,ร้านจำหน่ายอาหาร,วิชิต,เมืองภูเก็ต,ภูเก็ต,SAN,2025-01-03,ไม่ผ่านเกณฑ์
Hill House Restaurant,ร้านจำหน่ายอาหาร,วิชิต,เมืองภูเก็ต,ภูเก็ต,SAN,2025-01-03,ไม่ผ่านเกณฑ์
เอ็นวัน คาเฟ่,ร้านจำหน่ายอาหาร,วิชิต,เมืองภูเก็ต,ภูเก็ต,SAN,2025-01-03,ไม่ผ่านเกณฑ์
เคลียร์ 85 ชาบู บุฟเฟ่ต์,ร้านบุฟเฟ่ต์ (ปิ้งย่าง/ชาบู/สุกี้),วิชิต,เมืองภูเก็ต,ภูเก็ต,SAN PLUS,2024-11-06,รับรอง
ห้องอาหาร MATCH POINT,อื่นๆ,เกาะแก้ว,เมืองภูเก็ต,ภูเก็ต,SAN,2025-01-07,ไม่ผ่านเกณฑ์
ห้องอาหาร DEUCE POOL BAR,อื่นๆ,เกาะแก้ว,เมืองภูเก็ต,ภูเก็ต,SAN,2025-01-07,ไม่ผ่านเกณฑ์
The Coffee Club Boat Lagoon (cf1086),ร้านจำหน่ายอาหาร,เกาะแก้ว,เมืองภูเก็ต,ภูเก็ต,มาตรฐาน SAN,2025-01-20,หมดอายุ
บริษัท ทรีโอ คล็อค จำกัด,ร้านจำหน่ายอาหาร,ศรีสุนทร,ถลาง,ภูเก็ต,มาตรฐาน SAN,2025-01-20,หมดอายุ
ครัวพระยาภูเก็ต,ร้านจำหน่ายอาหาร,ศรีสุนทร,ถลาง,ภูเก็ต,มาตรฐาน SAN,2025-04-23,หมดอายุ
Niran Restaurant,ร้านจำหน่ายอาหาร,ศรีสุนทร,ถลาง,ภูเก็ต,มาตรฐาน SAN,2025-04-23,หมดอายุ
SUAY Restaurant,ร้านจำหน่ายอาหาร,ศรีสุนทร,ถลาง,ภูเก็ต,มาตรฐาน SAN,2025-04-23,หมดอายุ
Ban Chang Restaurant Phuket,ร้านจำหน่ายอาหาร,ศรีสุนทร,ถลาง,ภูเก็ต,SAN,2025-04-23,ไม่ผ่านเกณฑ์
ซิซซ์เล่อร์ สาขาโรบินสันภูเก็ต,ร้านจำหน่ายอาหาร,ศรีสุนทร,ถลาง,ภูเก็ต,SAN,2025-04-24,ไม่ผ่านเกณฑ์
ร้านชิวชิวป่ายาง,ร้านจำหน่ายอาหาร,ศรีสุนทร,ถลาง,ภูเก็ต,มาตรฐาน SAN,2025-04-25,หมดอายุ
KFC สาขาโรบินสันถลาง,ร้านจำหน่ายอาหาร,ศรีสุนทร,ถลาง,ภูเก็ต,SAN,2025-04-24,ไม่ผ่านเกณฑ์
MK สาขาโรบินสันถลาง,ร้านจำหน่ายอาหาร,ศรีสุนทร,ถลาง,ภูเก็ต,SAN,2025-04-24,ไม่ผ่านเกณฑ์
บริษัท ภูเก็ต ดริ้งส์ แอนด์ โค จำกัด,ร้านจำหน่ายอาหาร,ศรีสุนทร,ถลาง,ภูเก็ต,SAN,2025-04-24,ไม่ผ่านเกณฑ์
บ้านหมูรมควัน,ร้านจำหน่ายอาหาร,ศรีสุนทร,ถลาง,ภูเก็ต,SAN,2025-04-24,ไม่ผ่านเกณฑ์
dilicafe,ร้านเครื่องดื่ม,ศรีสุนทร,ถลาง,ภูเก็ต,มาตรฐาน SAN,2025-04-24,หมดอายุ
ร้านวันวาน,ร้านจำหน่ายอาหาร,ศรีสุนทร,ถลาง,ภูเก็ต,SAN,2025-04-24,ไม่ผ่านเกณฑ์
ร้านกงสี,ร้านจำหน่ายอาหาร,ศรีสุนทร,ถลาง,ภูเก็ต,มาตรฐาน SAN,2025-04-24,หมดอายุ
ร้านกิตติก๋วยเตี๋ยวเป็ด สาขาม่าหนิก,ร้านจำหน่ายอาหาร,ศรีสุนทร,ถลาง,ภูเก็ต,มาตรฐาน SAN,2025-04-25,หมดอายุ
นิธาน,ร้านจำหน่ายอาหาร,ศรีสุนทร,ถลาง,ภูเก็ต,SAN,2025-04-24,ไม่ผ่านเกณฑ์
Susui Paradise,ร้านจำหน่ายอาหาร,ศรีสุนทร,ถลาง,ภูเก็ต,มาตรฐาน SAN,2025-04-24,หมดอายุ
หลาด,ร้านจำหน่ายอาหาร,ศรีสุนทร,ถลาง,ภูเก็ต,มาตรฐาน SAN,2025-04-24,หมดอายุ
The Pizza Company,ร้านจำหน่ายอาหาร,ศรีสุนทร,ถลาง,ภูเก็ต,มาตรฐาน SAN,2025-04-24,หมดอายุ
Cafe Amazon สาขา สน.ภูเก็ต,ร้านเครื่องดื่ม,ศรีสุนทร,ถลาง,ภูเก็ต,มาตรฐาน SAN,2025-04-24,หมดอายุ
ร้านเหลืองมะนาว,ร้านจำหน่ายอาหาร,ศรีสุนทร,ถลาง,ภูเก็ต,มาตรฐาน SAN,2025-04-24,หมดอายุ
Cafe Amazon สาขาโรบินสันถลาง,ร้านเครื่องดื่ม,ศรีสุนทร,ถลาง,ภูเก็ต,มาตรฐาน SAN,2025-04-24,หมดอายุ
สเวนเซ่นส์ สาขาโรบินสัน,ร้านจำหน่ายอาหาร,ศรีสุนทร,ถลาง,ภูเก็ต,มาตรฐาน SAN,2025-04-24,หมดอายุ
ดีคิว,ร้านจำหน่ายอาหาร,ศรีสุนทร,ถลาง,ภูเก็ต,SAN,2025-04-24,ไม่ผ่านเกณฑ์
ลุงขี้เมากระเพราคั่ว,ร้านจำหน่ายอาหาร,ศรีสุนทร,ถลาง,ภูเก็ต,มาตรฐาน SAN,2025-04-24,หมดอายุ
Yayoi,ร้านจำหน่ายอาหาร,ศรีสุนทร,ถลาง,ภูเก็ต,มาตรฐาน SAN,2025-04-25,หมดอายุ
ลาวญวน,ร้านจำหน่ายอาหาร,ศรีสุนทร,ถลาง,ภูเก็ต,SAN,2025-04-24,ไม่ผ่านเกณฑ์
BAR B Q PLAZA,ร้านจำหน่ายอาหาร,ศรีสุนทร,ถลาง,ภูเก็ต,SAN,2025-04-25,ไม่ผ่านเกณฑ์
ซุปเปอร์ยำ 49,ร้านจำหน่ายอาหาร,ศรีสุนทร,ถลาง,ภูเก็ต,มาตรฐาน SAN,2025-01-21,หมดอายุ
The 9th degree,ร้านจำหน่ายอาหาร,เกาะแก้ว,เมืองภูเก็ต,ภูเก็ต,SAN,2025-07-15,รับรอง
เบลล่าคาเฟ่&เบเกอรี่,ร้านจำหน่ายอาหาร,เกาะแก้ว,เมืองภูเก็ต,ภูเก็ต,SAN,2025-07-15,รับรอง
ห้องอาหารโคโค่ KoKo,ร้านจำหน่ายอาหาร,เกาะแก้ว,เมืองภูเก็ต,ภูเก็ต,SAN,2025-07-15,รับรอง
ห้องอาหารกาบัง KABANG,ร้านจำหน่ายอาหาร,เกาะแก้ว,เมืองภูเก็ต,ภูเก็ต,มาตรฐาน SAN,2025-01-22,หมดอายุ
ห้องอาหารคูชิน่า KUCINA,ร้านจำหน่ายอาหาร,เกาะแก้ว,เมืองภูเก็ต,ภูเก็ต,มาตรฐาน SAN,2025-01-22,หมดอายุ
เบลล่าคาเฟ่&เบเกอรี่,ร้านจำหน่ายอาหาร,เกาะแก้ว,เมืองภูเก็ต,ภูเก็ต,SAN,2025-03-21,ไม่ผ่านเกณฑ์
Mousse Resturant ad bakery shop,ร้านจำหน่ายอาหาร,เกาะแก้ว,เมืองภูเก็ต,ภูเก็ต,SAN,2025-02-05,ไม่ผ่านเกณฑ์
เอ็นเอชโบ๊ทลากูน ภูเก็ต,ร้านจำหน่ายอาหาร,เกาะแก้ว,เมืองภูเก็ต,ภูเก็ต,SAN,2025-02-06,ไม่ผ่านเกณฑ์
ร้านอาหารเฉา เซียง เก๋อ,ร้านจำหน่ายอาหาร,เกาะแก้ว,เมืองภูเก็ต,ภูเก็ต,SAN,2025-02-05,ไม่ผ่านเกณฑ์
Panda,ร้านจำหน่ายอาหาร,เกาะแก้ว,เมืองภูเก็ต,ภูเก็ต,มาตรฐาน SAN,2025-02-06,หมดอายุ
บริษัท รอยัล เทนนิส คลับ จำกัด,ร้านจำหน่ายอาหาร,เกาะแก้ว,เมืองภูเก็ต,ภูเก็ต,มาตรฐาน SAN,2025-02-05,หมดอายุ
Capri noi,ร้านจำหน่ายอาหาร,กะรน,เมืองภูเก็ต,ภูเก็ต,มาตรฐาน SAN,2025-02-04,หมดอายุ
บจก.ต้นโอ๊ค ฟู๊ด แอนด์ เบฟเวอเรจ,ร้านจำหน่ายอาหาร,เกาะแก้ว,เมืองภูเก็ต,ภูเก็ต,มาตรฐาน SAN,2025-04-04,หมดอายุ
ร้านอาหารบ้านไร่กฤษณา,ร้านจำหน่ายอาหาร,เกาะแก้ว,เมืองภูเก็ต,ภูเก็ต,มาตรฐาน SAN,2025-02-06,หมดอายุ
หอม-หา,ร้านจำหน่ายอาหาร,เกาะแก้ว,เมืองภูเก็ต,ภูเก็ต,SAN,2025-02-06,ไม่ผ่านเกณฑ์
AL SARAB,ร้านจำหน่ายอาหาร,เกาะแก้ว,เมืองภูเก็ต,ภูเก็ต,มาตรฐาน SAN,2025-02-06,หมดอายุ
ครัวแม่ล้านลูก โฮมเมด,ร้านจำหน่ายอาหาร,เกาะแก้ว,เมืองภูเก็ต,ภูเก็ต,SAN,2024-08-26,รับรอง
บุญโข คาเฟ่,ร้านจำหน่ายอาหาร,เกาะแก้ว,เมืองภูเก็ต,ภูเก็ต,มาตรฐาน SAN,2025-02-06,หมดอายุ
แหลมหินซีฟู๊ด,ร้านจำหน่ายอาหาร,เกาะแก้ว,เมืองภูเก็ต,ภูเก็ต,มาตรฐาน SAN,2025-02-06,หมดอายุ
โฮมเมดเบเกอรี่ภูเก็ต,ร้านจำหน่ายอาหาร,เกาะแก้ว,เมืองภูเก็ต,ภูเก็ต,มาตรฐาน SAN,2025-02-06,หมดอายุ
CHECKoff Restaurant,ร้านจำหน่ายอาหาร,กะรน,เมืองภูเก็ต,ภูเก็ต,SAN,2025-02-05,ไม่ผ่านเกณฑ์
บ้านริมเลปำ,ร้านจำหน่ายอาหาร,เกาะแก้ว,เมืองภูเก็ต,ภูเก็ต,มาตรฐาน SAN,2025-02-06,หมดอายุ
HUNKAR RESTAURANT,ร้านจำหน่ายอาหาร,กะรน,เมืองภูเก็ต,ภูเก็ต,มาตรฐาน SAN,2025-02-05,หมดอายุ
อุโอเทรุ ภูเก็ต เกาะแก้ว,ร้านจำหน่ายอาหาร,เกาะแก้ว,เมืองภูเก็ต,ภูเก็ต,มาตรฐาน SAN,2025-08-13,หมดอายุ
Eat,ร้านจำหน่ายอาหาร,เกาะแก้ว,เมืองภูเก็ต,ภูเก็ต,มาตรฐาน SAN,2025-07-31,หมดอายุ
IT'S EVERYTHING,ร้านจำหน่ายอาหาร,เกาะแก้ว,เมืองภูเก็ต,ภูเก็ต,มาตรฐาน SAN,2025-04-24,หมดอายุ
Pool Bar,ร้านจำหน่ายอาหาร,เกาะแก้ว,เมืองภูเก็ต,ภูเก็ต,มาตรฐาน SAN,2025-07-31,หมดอายุ
Tann Terrace ,ร้านจำหน่ายอาหาร,กะรน,เมืองภูเก็ต,ภูเก็ต,มาตรฐาน SAN,2025-02-05,หมดอายุ
โรงแรมคลับเมด (ห้องอาหารมะม่วง),ภัตาคาร,กะรน,เมืองภูเก็ต,ภูเก็ต,SAN,2025-02-05,ไม่ผ่านเกณฑ์
โรงแรมคลับเมด (ห้องอาหารชุดา),ภัตาคาร,กะรน,เมืองภูเก็ต,ภูเก็ต,SAN,2025-02-05,ไม่ผ่านเกณฑ์
แพนเบอร์เกอร์,ร้านจำหน่ายอาหาร,เกาะแก้ว,เมืองภูเก็ต,ภูเก็ต,SAN,2025-02-06,ไม่ผ่านเกณฑ์
หมี่ฮกเกี้ยนสะปำ,ร้านจำหน่ายอาหาร,เกาะแก้ว,เมืองภูเก็ต,ภูเก็ต,มาตรฐาน SAN,2025-02-05,หมดอายุ
ร้านจูนขนมไทย,อื่นๆ,เกาะแก้ว,เมืองภูเก็ต,ภูเก็ต,มาตรฐาน SAN,2025-02-05,หมดอายุ
Isola Restaurant,ร้านจำหน่ายอาหาร,เกาะแก้ว,เมืองภูเก็ต,ภูเก็ต,มาตรฐาน SAN,2025-02-06,หมดอายุ
Dusha Cafe,ร้านเครื่องดื่ม,เกาะแก้ว,เมืองภูเก็ต,ภูเก็ต,มาตรฐาน SAN,2025-02-05,หมดอายุ
Waylany kids cafe,ร้านจำหน่ายอาหาร,เกาะแก้ว,เมืองภูเก็ต,ภูเก็ต,มาตรฐาน SAN,2025-02-05,หมดอายุ
์์Namu Restaurant Bar & Cafe,ร้านจำหน่ายอาหาร,เกาะแก้ว,เมืองภูเก็ต,ภูเก็ต,SAN,2025-02-06,ไม่ผ่านเกณฑ์
บริษัท เบสท์ เอ็กซ์ตร้า พลัส จำกัด,ร้านจำหน่ายอาหาร,เกาะแก้ว,เมืองภูเก็ต,ภูเก็ต,SAN,2025-02-05,ไม่ผ่านเกณฑ์
ห้องอาหารโรงแรมสุพิชฌาย์ พูล แอคเซส,ร้านจำหน่ายอาหาร,เกาะแก้ว,เมืองภูเก็ต,ภูเก็ต,มาตรฐาน SAN,2025-02-05,หมดอายุ
Amazon สน.ปตท.หจก.บุญอิ่ม,ร้านเครื่องดื่ม,เกาะแก้ว,เมืองภูเก็ต,ภูเก็ต,มาตรฐาน SAN,2025-02-05,หมดอายุ
LA TEVERNA,ร้านจำหน่ายอาหาร,เกาะแก้ว,เมืองภูเก็ต,ภูเก็ต,มาตรฐาน SAN,2025-02-05,หมดอายุ
ท็อปเดลี่ สาขาซอยปฏัก20,อื่นๆ,กะรน,เมืองภูเก็ต,ภูเก็ต,SAN,2025-03-04,รับรอง
SUN HOUSE PHUKET,ร้านเครื่องดื่ม,กะรน,เมืองภูเก็ต,ภูเก็ต,SAN,2025-02-05,ไม่ผ่านเกณฑ์
โซโฮ พูล คลับ SOHO POOL CLUB,ร้านจำหน่ายอาหาร,เกาะแก้ว,เมืองภูเก็ต,ภูเก็ต,SAN,2025-02-06,ไม่ผ่านเกณฑ์
เฮียชาติข้าวมันไก่,ร้านจำหน่ายอาหาร,เกาะแก้ว,เมืองภูเก็ต,ภูเก็ต,SAN,2025-02-06,ไม่ผ่านเกณฑ์
สตรีทคอร์เนอร์,ร้านจำหน่ายอาหาร,เกาะแก้ว,เมืองภูเก็ต,ภูเก็ต,SAN,2025-02-06,ไม่ผ่านเกณฑ์
ร้านดันกิ้น โดนัท สาขาครัวภูเก็ต,อื่นๆ,เกาะแก้ว,เมืองภูเก็ต,ภูเก็ต,SAN,2025-02-06,ไม่ผ่านเกณฑ์
โคโค่บีข,ร้านจำหน่ายอาหาร,เกาะแก้ว,เมืองภูเก็ต,ภูเก็ต,SAN,2025-02-06,ไม่ผ่านเกณฑ์
Grifter Sushi Bar,ร้านจำหน่ายอาหาร,กะรน,เมืองภูเก็ต,ภูเก็ต,SAN,2025-02-06,ไม่ผ่านเกณฑ์
ดาโมเรโนพิซเซอเรีย แอนด์ อิตาเลี่ยนเรสเตอรอง สาขาเกาะแก้ว,ร้านจำหน่ายอาหาร,เกาะแก้ว,เมืองภูเก็ต,ภูเก็ต,SAN,2025-04-24,ไม่ผ่านเกณฑ์
บาบุชก้า เอเชีย,ร้านจำหน่ายอาหาร,เกาะแก้ว,เมืองภูเก็ต,ภูเก็ต,SAN,2025-04-24,ไม่ผ่านเกณฑ์
Suraj Indian restaurant,ร้านจำหน่ายอาหาร,เกาะแก้ว,เมืองภูเก็ต,ภูเก็ต,SAN,2025-04-24,ไม่ผ่านเกณฑ์
มายสเตย์ ภูเก็ต,ร้านจำหน่ายอาหาร,เกาะแก้ว,เมืองภูเก็ต,ภูเก็ต,SAN,2025-04-24,ไม่ผ่านเกณฑ์
ร้านส้มตำก๊ะเล็ก,ร้านจำหน่ายอาหาร,เกาะแก้ว,เมืองภูเก็ต,ภูเก็ต,SAN,2025-04-24,ไม่ผ่านเกณฑ์
Eating Station Thai food & drink ,ร้านจำหน่ายอาหาร,กะรน,เมืองภูเก็ต,ภูเก็ต,SAN,2025-02-07,ไม่ผ่านเกณฑ์
กะตะ มาม่า ซีฟู้ด,ร้านจำหน่ายอาหาร,กะรน,เมืองภูเก็ต,ภูเก็ต,SAN,2025-02-07,ไม่ผ่านเกณฑ์
โซบาร์,ร้านเครื่องดื่ม,ฉลอง,เมืองภูเก็ต,ภูเก็ต,SAN,2024-08-30,รับรอง
ไลอ้อน คาเฟ่,ร้านเครื่องดื่ม,ฉลอง,เมืองภูเก็ต,ภูเก็ต,มาตรฐาน SAN,2025-02-10,หมดอายุ
บริษัท วีแกน เอเอฟ จำกัด,ร้านจำหน่ายอาหาร,ฉลอง,เมืองภูเก็ต,ภูเก็ต,SAN PLUS,2024-11-06,รับรอง
เค เอฟ ซี สาขาโรบินสันฉลอง,ร้านจำหน่ายอาหาร,ฉลอง,เมืองภูเก็ต,ภูเก็ต,SAN,2025-07-21,รับรอง
แกสโทรโนม,ร้านจำหน่ายอาหาร,ฉลอง,เมืองภูเก็ต,ภูเก็ต,SAN,2025-02-10,ไม่ผ่านเกณฑ์
ภูเก็ต ยอชท์ คลับ,ร้านจำหน่ายอาหาร,ฉลอง,เมืองภูเก็ต,ภูเก็ต,SAN,2025-07-21,รับรอง
ลูช่า,ร้านจำหน่ายอาหาร,ฉลอง,เมืองภูเก็ต,ภูเก็ต,มาตรฐาน SAN,2025-02-10,หมดอายุ
บริษัท หมอมูดง จำกัด,ร้านจำหน่ายอาหาร,ฉลอง,เมืองภูเก็ต,ภูเก็ต,SAN,2025-07-21,รับรอง
อาลี บีบีคิว,ร้านจำหน่ายอาหาร,ฉลอง,เมืองภูเก็ต,ภูเก็ต,SAN,2025-07-21,รับรอง
ห้องอาหาร Embrace (โรงแรมโนกุ ฉลอง ภูเก็ต),ภัตาคาร,ฉลอง,เมืองภูเก็ต,ภูเก็ต,SAN,2025-03-03,รับรอง
Lamayon Coffee,ร้านเครื่องดื่ม,ฉลอง,เมืองภูเก็ต,ภูเก็ต,SAN,2025-07-21,รับรอง
ร้านอาหารบูชาแกลเลอรี่,ร้านจำหน่ายอาหาร,ฉลอง,เมืองภูเก็ต,ภูเก็ต,มาตรฐาน SAN,2025-02-10,หมดอายุ
คุณจี๊ดยอดผัก,ร้านจำหน่ายอาหาร,ฉลอง,เมืองภูเก็ต,ภูเก็ต,SAN,2025-07-21,รับรอง
ร้าน ณ ริมทาง,ร้านจำหน่ายอาหาร,ฉลอง,เมืองภูเก็ต,ภูเก็ต,SAN,2025-07-21,รับรอง
New York Slice,ร้านจำหน่ายอาหาร,ฉลอง,เมืองภูเก็ต,ภูเก็ต,SAN,2025-07-21,รับรอง
Sunny Bar,ร้านเครื่องดื่ม,ฉลอง,เมืองภูเก็ต,ภูเก็ต,SAN,2025-07-21,รับรอง
Shaman,ร้านเครื่องดื่ม,ฉลอง,เมืองภูเก็ต,ภูเก็ต,SAN,2025-07-21,รับรอง
บริษัท ไมสัน คาเรเม จำกัด,ร้านจำหน่ายอาหาร,ฉลอง,เมืองภูเก็ต,ภูเก็ต,SAN,2025-07-21,รับรอง
ร้านกาแฟสตาร์บัคส์ สาขาโรบินสัน ฉลอง,ร้านเครื่องดื่ม,ฉลอง,เมืองภูเก็ต,ภูเก็ต,SAN,2025-07-21,รับรอง
แดรี่ควีน โลตัสฉลอง,ร้านเครื่องดื่ม,ฉลอง,เมืองภูเก็ต,ภูเก็ต,SAN,2025-07-21,รับรอง
เค เอฟ ซี สาขาโลตัสฉลอง,ร้านจำหน่ายอาหาร,ฉลอง,เมืองภูเก็ต,ภูเก็ต,SAN,2025-07-21,รับรอง
เค เอฟ ซี สาขาเจ้าฟ้า ภูเก็ต,ร้านจำหน่ายอาหาร,ฉลอง,เมืองภูเก็ต,ภูเก็ต,SAN,2025-07-21,รับรอง
เค เอฟ ซี สาขาโฮมโปร ภูเก็ต,ร้านจำหน่ายอาหาร,ฉลอง,เมืองภูเก็ต,ภูเก็ต,SAN,2025-07-21,รับรอง
บริษัท กู๊ด ลัด 20-15 จำกัด,ร้านจำหน่ายอาหาร,ฉลอง,เมืองภูเก็ต,ภูเก็ต,SAN,2025-07-21,รับรอง
แด๊ดดี้ เซย์ เยส,ร้านเครื่องดื่ม,ฉลอง,เมืองภูเก็ต,ภูเก็ต,SAN,2025-07-21,รับรอง
ALL THAI,ร้านจำหน่ายอาหาร,ฉลอง,เมืองภูเก็ต,ภูเก็ต,SAN,2025-06-23,รับรอง
Purcy,ร้านจำหน่ายอาหาร,ฉลอง,เมืองภูเก็ต,ภูเก็ต,มาตรฐาน SAN,2025-02-11,หมดอายุ
Ceres,ร้านจำหน่ายอาหาร,ฉลอง,เมืองภูเก็ต,ภูเก็ต,มาตรฐาน SAN,2025-02-11,หมดอายุ
MORNING GLORY,ร้านจำหน่ายอาหาร,เกาะแก้ว,เมืองภูเก็ต,ภูเก็ต,มาตรฐาน SAN,2025-07-03,หมดอายุ
อาลี บีบีคิว,ร้านจำหน่ายอาหาร,ฉลอง,เมืองภูเก็ต,ภูเก็ต,SAN,2025-07-10,รับรอง
phuket waterside,ร้านจำหน่ายอาหาร,ตลาดใหญ่,เมืองภูเก็ต,ภูเก็ต,SAN,2025-03-03,ไม่ผ่านเกณฑ์
ไลม์ไลท์อเวนิว (ศูนย์อาหาร),ศูนย์อาหาร,ตลาดใหญ่,เมืองภูเก็ต,ภูเก็ต,SAN,2025-03-11,ไม่ผ่านเกณฑ์
บจก.ตันติเตี๊ยม (TANTI TIUM),ร้านจำหน่ายอาหาร,ตลาดเหนือ,เมืองภูเก็ต,ภูเก็ต,มาตรฐาน SAN,2025-03-11,หมดอายุ
Pint Factory,ร้านจำหน่ายอาหาร,ตลาดใหญ่,เมืองภูเก็ต,ภูเก็ต,SAN,2025-03-11,ไม่ผ่านเกณฑ์
Day And Night,ร้านจำหน่ายอาหาร,ตลาดใหญ่,เมืองภูเก็ต,ภูเก็ต,SAN,2025-03-11,ไม่ผ่านเกณฑ์
สตาร์บัคส์ สาขา Diduk Walkway Phuket,ร้านเครื่องดื่ม,ตลาดใหญ่,เมืองภูเก็ต,ภูเก็ต,SAN PLUS,2024-07-08,หมดอายุ
ปุ๊นเต๋ ศูนย์อาหารวัฒนธรรมภูเก็ต,ร้านจำหน่ายอาหาร,ตลาดใหญ่,เมืองภูเก็ต,ภูเก็ต,SAN,2025-03-11,ไม่ผ่านเกณฑ์
สเต็กลุงหยิก สาขาภูเก็ต,ร้านจำหน่ายอาหาร,ตลาดใหญ่,เมืองภูเก็ต,ภูเก็ต,มาตรฐาน SAN,2025-03-11,หมดอายุ
อิ่มเอมหมูกะทะ,ร้านบุฟเฟ่ต์ (ปิ้งย่าง/ชาบู/สุกี้),ตลาดใหญ่,เมืองภูเก็ต,ภูเก็ต,SAN,2025-03-11,ไม่ผ่านเกณฑ์
โชกุน,ร้านบุฟเฟ่ต์ (ปิ้งย่าง/ชาบู/สุกี้),ตลาดใหญ่,เมืองภูเก็ต,ภูเก็ต,มาตรฐาน SAN,2025-03-11,หมดอายุ
บจก.หัวหมู ภูเก็ต,ร้านจำหน่ายอาหาร,ตลาดใหญ่,เมืองภูเก็ต,ภูเก็ต,SAN,2025-03-11,ไม่ผ่านเกณฑ์
สุกี้จินดา,ร้านจำหน่ายอาหาร,ตลาดใหญ่,เมืองภูเก็ต,ภูเก็ต,มาตรฐาน SAN,2025-03-11,หมดอายุ
"ก๋วยเตี๋ยวเรือ ""นรกแตก""",ร้านจำหน่ายอาหาร,ตลาดใหญ่,เมืองภูเก็ต,ภูเก็ต,SAN,2025-07-03,รับรอง
G night market (หลาด G),ร้านจำหน่ายอาหาร,ตลาดใหญ่,เมืองภูเก็ต,ภูเก็ต,SAN,2025-03-11,ไม่ผ่านเกณฑ์
FLAME NIGHT CLUB,ร้านจำหน่ายอาหาร,ตลาดใหญ่,เมืองภูเก็ต,ภูเก็ต,มาตรฐาน SAN,2025-03-11,หมดอายุ
อ้อร้อหมูทะ,ร้านบุฟเฟ่ต์ (ปิ้งย่าง/ชาบู/สุกี้),ตลาดใหญ่,เมืองภูเก็ต,ภูเก็ต,มาตรฐาน SAN,2025-03-11,หมดอายุ
บจก.คอมเพล็กซ์รีพับบลิค,ร้านจำหน่ายอาหาร,ตลาดเหนือ,เมืองภูเก็ต,ภูเก็ต,SAN,2025-07-14,รับรอง
เวคอัพ เรสเตอรองค์ แอนด์ คาแฟ่,ร้านจำหน่ายอาหาร,ตลาดใหญ่,เมืองภูเก็ต,ภูเก็ต,SAN,2025-08-01,รับรอง
เรือนไม้ ชายน้ำ,ร้านจำหน่ายอาหาร,ตลาดใหญ่,เมืองภูเก็ต,ภูเก็ต,SAN,2025-07-04,รับรอง
กล้วยน้ำว้า สะพานหิน,ร้านจำหน่ายอาหาร,ตลาดใหญ่,เมืองภูเก็ต,ภูเก็ต,มาตรฐาน SAN,2025-03-12,หมดอายุ
เลอแลง,ร้านจำหน่ายอาหาร,ตลาดใหญ่,เมืองภูเก็ต,ภูเก็ต,SAN,2025-03-12,ไม่ผ่านเกณฑ์
ร้านกาแฟบิ๊กโก้,ร้านเครื่องดื่ม,ตลาดใหญ่,เมืองภูเก็ต,ภูเก็ต,SAN,2025-03-12,ไม่ผ่านเกณฑ์
ส้มตำเซอๆริมน้ำ,ร้านจำหน่ายอาหาร,ตลาดใหญ่,เมืองภูเก็ต,ภูเก็ต,SAN,2025-03-12,ไม่ผ่านเกณฑ์
เดอะ คาเฟ่ หมูกระทะ โอลด์ทาวน์ ภูเก็ต,ร้านบุฟเฟ่ต์ (ปิ้งย่าง/ชาบู/สุกี้),ตลาดใหญ่,เมืองภูเก็ต,ภูเก็ต,มาตรฐาน SAN,2025-03-12,หมดอายุ
ก๋วยเตี๋ยวเรือนรกแตก,ร้านจำหน่ายอาหาร,ตลาดเหนือ,เมืองภูเก็ต,ภูเก็ต,SAN,2025-03-12,ไม่ผ่านเกณฑ์
คาเฟ่ อเมวอน สาขาสวนหลวง ภูเก็ต,ร้านเครื่องดื่ม,ตลาดเหนือ,เมืองภูเก็ต,ภูเก็ต,SAN,2025-03-12,ไม่ผ่านเกณฑ์
ชาบูไลออน,ร้านบุฟเฟ่ต์ (ปิ้งย่าง/ชาบู/สุกี้),ตลาดเหนือ,เมืองภูเก็ต,ภูเก็ต,SAN,2025-03-12,ไม่ผ่านเกณฑ์
Ratri Hotel Phuket Old Town,ร้านจำหน่ายอาหาร,ตลาดเหนือ,เมืองภูเก็ต,ภูเก็ต,SAN,2025-08-01,รับรอง
สภากาแฟ SR แต๋เตี๋ยม,ร้านจำหน่ายอาหาร,ตลาดเหนือ,เมืองภูเก็ต,ภูเก็ต,มาตรฐาน SAN,2025-03-13,หมดอายุ
Sugar Daddy,ร้านจำหน่ายอาหาร,ตลาดเหนือ,เมืองภูเก็ต,ภูเก็ต,มาตรฐาน SAN,2025-03-13,หมดอายุ
ทุ่งคากาแฟ,ร้านจำหน่ายอาหาร,รัษฎา,เมืองภูเก็ต,ภูเก็ต,มาตรฐาน SAN,2025-03-13,หมดอายุ
บู๊ลิ้ม หม้อไฟ,ร้านบุฟเฟ่ต์ (ปิ้งย่าง/ชาบู/สุกี้),ตลาดเหนือ,เมืองภูเก็ต,ภูเก็ต,SAN PLUS,2024-07-18,หมดอายุ
กวางตุ้ง หมูกระทะ,ร้านบุฟเฟ่ต์ (ปิ้งย่าง/ชาบู/สุกี้),ตลาดเหนือ,เมืองภูเก็ต,ภูเก็ต,SAN,2025-06-30,รับรอง
กอแระ พูล บาร์,ร้านจำหน่ายอาหาร,ตลาดใหญ่,เมืองภูเก็ต,ภูเก็ต,SAN,2025-03-13,ไม่ผ่านเกณฑ์
อิ่มหมีพีมัน,ร้านจำหน่ายอาหาร,ตลาดเหนือ,เมืองภูเก็ต,ภูเก็ต,มาตรฐาน SAN,2025-03-13,หมดอายุ
The 5Th Element,ร้านจำหน่ายอาหาร,ตลาดเหนือ,เมืองภูเก็ต,ภูเก็ต,SAN,2025-06-30,รับรอง
HOUSE OF TIN BARON,ร้านจำหน่ายอาหาร,ตลาดเหนือ,เมืองภูเก็ต,ภูเก็ต,มาตรฐาน SAN,2025-03-13,หมดอายุ
ตู้กับข้าว,ร้านจำหน่ายอาหาร,ตลาดใหญ่,เมืองภูเก็ต,ภูเก็ต,SAN,2025-08-01,รับรอง
โรงแรมรีเซ็นต้า เอ็กเพรส ภูเก็ตทาวน์,ร้านจำหน่ายอาหาร,ตลาดเหนือ,เมืองภูเก็ต,ภูเก็ต,SAN,2025-06-30,รับรอง
จิงหัว,ร้านจำหน่ายอาหาร,ตลาดใหญ่,เมืองภูเก็ต,ภูเก็ต,SAN,2025-06-30,รับรอง
Bon Pan Asian Tapas Phuket Town,ร้านจำหน่ายอาหาร,ตลาดใหญ่,เมืองภูเก็ต,ภูเก็ต,SAN PLUS,2024-09-06,รับรอง
Eat X  10,ร้านบุฟเฟ่ต์ (ปิ้งย่าง/ชาบู/สุกี้),ตลาดเหนือ,เมืองภูเก็ต,ภูเก็ต,SAN,2025-03-13,ไม่ผ่านเกณฑ์
ขนมจีนพี่ป้อม,ร้านจำหน่ายอาหาร,ตลาดเหนือ,เมืองภูเก็ต,ภูเก็ต,มาตรฐาน SAN,2025-03-13,หมดอายุ
สวนอาหารตะไคร้,ร้านจำหน่ายอาหาร,ตลาดเหนือ,เมืองภูเก็ต,ภูเก็ต,SAN,2025-03-13,ไม่ผ่านเกณฑ์
หวังตี้เยี่ยน,ร้านจำหน่ายอาหาร,ตลาดเหนือ,เมืองภูเก็ต,ภูเก็ต,SAN,2025-03-13,ไม่ผ่านเกณฑ์
ร้านว่านห่าว,ร้านจำหน่ายอาหาร,ตลาดเหนือ,เมืองภูเก็ต,ภูเก็ต,SAN,2025-03-13,ไม่ผ่านเกณฑ์
เบอร์มา ฟิวชั่น,ร้านจำหน่ายอาหาร,ตลาดเหนือ,เมืองภูเก็ต,ภูเก็ต,SAN,2025-03-13,ไม่ผ่านเกณฑ์
ครัวนิยมสุข By อู๊ดดี้,ร้านจำหน่ายอาหาร,ตลาดเหนือ,เมืองภูเก็ต,ภูเก็ต,SAN,2025-03-13,ไม่ผ่านเกณฑ์
BLUE ELEPHANT,ร้านจำหน่ายอาหาร,ตลาดเหนือ,เมืองภูเก็ต,ภูเก็ต,SAN,2025-03-13,ไม่ผ่านเกณฑ์
ท้ายเหมือง,ร้านจำหน่ายอาหาร,ตลาดเหนือ,เมืองภูเก็ต,ภูเก็ต,มาตรฐาน SAN,2025-03-13,หมดอายุ
ชัวร์ กาเด้น แอนด์ ผับ,ร้านจำหน่ายอาหาร,ตลาดเหนือ,เมืองภูเก็ต,ภูเก็ต,SAN,2025-08-01,รับรอง
เพื่อนฝูงหมูกระทะ,ร้านบุฟเฟ่ต์ (ปิ้งย่าง/ชาบู/สุกี้),ตลาดเหนือ,เมืองภูเก็ต,ภูเก็ต,SAN,2025-03-13,ไม่ผ่านเกณฑ์
BOY TOY,ร้านจำหน่ายอาหาร,ตลาดเหนือ,เมืองภูเก็ต,ภูเก็ต,SAN,2025-03-13,ไม่ผ่านเกณฑ์
วีคาเฟ่ (We Café),ร้านจำหน่ายอาหาร,ตลาดใหญ่,เมืองภูเก็ต,ภูเก็ต,SAN,2025-05-19,รับรอง
ม่วนใจ๋ สะป๊ะข๋องกิ๋นลำ,ร้านจำหน่ายอาหาร,เทพกระษัตรี,ถลาง,ภูเก็ต,มาตรฐาน SAN,2025-04-25,หมดอายุ
ม่วนใจ๋ คาเฟ่,ร้านจำหน่ายอาหาร,เทพกระษัตรี,ถลาง,ภูเก็ต,SAN,2025-08-04,รับรอง
เบลล่าคาเฟ่&เบเกอรี่,ร้านจำหน่ายอาหาร,เกาะแก้ว,เมืองภูเก็ต,ภูเก็ต,SAN,2025-03-28,ไม่ผ่านเกณฑ์
ปะการัง,ภัตาคาร,กะรน,เมืองภูเก็ต,ภูเก็ต,SAN,2025-03-21,ไม่ผ่านเกณฑ์
Prego,ภัตาคาร,กะรน,เมืองภูเก็ต,ภูเก็ต,มาตรฐาน SAN,2025-03-21,หมดอายุ
โรงแรมกะตะปาล์ม (ห้องอาหารAngkor),ภัตาคาร,กะรน,เมืองภูเก็ต,ภูเก็ต,มาตรฐาน SAN,2025-03-21,หมดอายุ
7-Eleven สาขาบางลากะรน,ร้านจำหน่ายอาหาร,กะรน,เมืองภูเก็ต,ภูเก็ต,SAN,2025-03-21,ไม่ผ่านเกณฑ์
เซ็กซี่ไนท์,ร้านจำหน่ายอาหาร,ตลาดใหญ่,เมืองภูเก็ต,ภูเก็ต,SAN,2025-07-30,รับรอง
บัดดี้ค๊อฟฟี่ช๊อฟ,ร้านจำหน่ายอาหาร,ตลาดใหญ่,เมืองภูเก็ต,ภูเก็ต,มาตรฐาน SAN,2025-03-21,หมดอายุ
เฮลโล ชาบู,ร้านบุฟเฟ่ต์ (ปิ้งย่าง/ชาบู/สุกี้),ตลาดใหญ่,เมืองภูเก็ต,ภูเก็ต,มาตรฐาน SAN,2025-03-21,หมดอายุ
จินฟ่ะซีฟู้ด,ร้านจำหน่ายอาหาร,ตลาดใหญ่,เมืองภูเก็ต,ภูเก็ต,มาตรฐาน SAN,2025-03-21,หมดอายุ
โอ๊ะ โอ ฟาร์ม สวนหลวง,ร้านจำหน่ายอาหาร,ตลาดเหนือ,เมืองภูเก็ต,ภูเก็ต,มาตรฐาน SAN,2025-03-21,หมดอายุ
เช้า เที่ยง เย็น,ร้านจำหน่ายอาหาร,ตลาดใหญ่,เมืองภูเก็ต,ภูเก็ต,มาตรฐาน SAN,2025-03-21,หมดอายุ
บริษัท สันติลอร์จ จำกัด,ร้านจำหน่ายอาหาร,ฉลอง,เมืองภูเก็ต,ภูเก็ต,SAN,2025-03-22,ไม่ผ่านเกณฑ์
คาเฟ่ อเมซอน สาขาห้าแยก,ร้านเครื่องดื่ม,ฉลอง,เมืองภูเก็ต,ภูเก็ต,SAN,2025-03-22,ไม่ผ่านเกณฑ์
วรรณ คอร์เนอร์,ร้านจำหน่ายอาหาร,ฉลอง,เมืองภูเก็ต,ภูเก็ต,SAN,2025-03-22,ไม่ผ่านเกณฑ์
เดอะ เซอเคิล คอฟฟี่ บูติก,ร้านจำหน่ายอาหาร,ฉลอง,เมืองภูเก็ต,ภูเก็ต,SAN,2025-03-22,ไม่ผ่านเกณฑ์
อานตี้แอนส์ สาขาโรบินสันฉลอง,ร้านเครื่องดื่ม,ฉลอง,เมืองภูเก็ต,ภูเก็ต,มาตรฐาน SAN,2025-03-22,หมดอายุ
บริษัท เอ็มเค เรสโตรองต์ กรุ๊ป จำกัด (มหาชน) สาขาโรบินสันฉลอง,ร้านจำหน่ายอาหาร,ฉลอง,เมืองภูเก็ต,ภูเก็ต,SAN,2025-03-22,ไม่ผ่านเกณฑ์
โรงแรมรีเซ็นต้า เอ็กเพรส ภูเก็ตทาวน์,ร้านจำหน่ายอาหาร,ตลาดเหนือ,เมืองภูเก็ต,ภูเก็ต,SAN PLUS,2024-07-09,หมดอายุ
พูนผลกุ้งกระทะ,ร้านบุฟเฟ่ต์ (ปิ้งย่าง/ชาบู/สุกี้),ตลาดเหนือ,เมืองภูเก็ต,ภูเก็ต,SAN,2025-03-24,ไม่ผ่านเกณฑ์
ฮัวพาน,ร้านจำหน่ายอาหาร,ตลาดเหนือ,เมืองภูเก็ต,ภูเก็ต,SAN,2025-03-24,ไม่ผ่านเกณฑ์
เพลินจิต,ร้านจำหน่ายอาหาร,ตลาดใหญ่,เมืองภูเก็ต,ภูเก็ต,SAN,2025-03-24,ไม่ผ่านเกณฑ์
อะมอร์ โรงแรมโนโวเทลฯ,ร้านจำหน่ายอาหาร,ตลาดใหญ่,เมืองภูเก็ต,ภูเก็ต,SAN,2025-03-24,ไม่ผ่านเกณฑ์
คอระฆัง ภูเก็ต,ร้านจำหน่ายอาหาร,ตลาดใหญ่,เมืองภูเก็ต,ภูเก็ต,SAN,2025-03-24,ไม่ผ่านเกณฑ์
บอนชอนชิคเก้น ,ร้านจำหน่ายอาหาร,ตลาดใหญ่,เมืองภูเก็ต,ภูเก็ต,SAN,2025-03-24,ไม่ผ่านเกณฑ์
คาเฟ่ เดล โซล,ร้านเครื่องดื่ม,ตลาดเหนือ,เมืองภูเก็ต,ภูเก็ต,SAN,2025-03-24,ไม่ผ่านเกณฑ์
Tint Cafe,ร้านจำหน่ายอาหาร,ตลาดใหญ่,เมืองภูเก็ต,ภูเก็ต,SAN,2025-03-24,ไม่ผ่านเกณฑ์
ลูกชิ้นปลาทอดโกจ้า,ร้านจำหน่ายอาหาร,ตลาดใหญ่,เมืองภูเก็ต,ภูเก็ต,SAN,2025-03-24,ไม่ผ่านเกณฑ์
เบลลินี่ เบค แอนด์ บรู สาขา ไลม์ ไลท์ อเวนิว,ร้านจำหน่ายอาหาร,ตลาดใหญ่,เมืองภูเก็ต,ภูเก็ต,SAN,2025-03-24,ไม่ผ่านเกณฑ์
Rock & Baby,ร้านเครื่องดื่ม,ตลาดใหญ่,เมืองภูเก็ต,ภูเก็ต,มาตรฐาน SAN,2025-03-24,หมดอายุ
บิ๊กออย สเตอร์บาร์,ร้านจำหน่ายอาหาร,ตลาดใหญ่,เมืองภูเก็ต,ภูเก็ต,SAN,2025-03-24,ไม่ผ่านเกณฑ์
ดีบุก เฮาส์ ,ร้านจำหน่ายอาหาร,ตลาดใหญ่,เมืองภูเก็ต,ภูเก็ต,SAN,2025-03-24,ไม่ผ่านเกณฑ์
ร้านหรอย,ร้านจำหน่ายอาหาร,ตลาดใหญ่,เมืองภูเก็ต,ภูเก็ต,SAN,2025-03-24,ไม่ผ่านเกณฑ์
คลาวยาร์ท,ร้านบุฟเฟ่ต์ (ปิ้งย่าง/ชาบู/สุกี้),ตลาดเหนือ,เมืองภูเก็ต,ภูเก็ต,SAN,2025-03-24,ไม่ผ่านเกณฑ์
แม็คสแน็ก (แมคโดนัลด์),ร้านจำหน่ายอาหาร,ตลาดใหญ่,เมืองภูเก็ต,ภูเก็ต,SAN,2025-03-24,ไม่ผ่านเกณฑ์
HUG ME DOG CAFÉ,ร้านเครื่องดื่ม,ตลาดใหญ่,เมืองภูเก็ต,ภูเก็ต,SAN,2025-03-24,ไม่ผ่านเกณฑ์
ซาร่า เพิร์ล ออร์แกนิค,ร้านจำหน่ายอาหาร,ตลาดใหญ่,เมืองภูเก็ต,ภูเก็ต,SAN,2025-03-24,ไม่ผ่านเกณฑ์
พิชซ่า ฮัท สาขาสามกอง,ร้านจำหน่ายอาหาร,ตลาดใหญ่,เมืองภูเก็ต,ภูเก็ต,SAN,2025-03-24,ไม่ผ่านเกณฑ์
โกตี๋หลังคาสังกะสี,ร้านจำหน่ายอาหาร,ตลาดใหญ่,เมืองภูเก็ต,ภูเก็ต,SAN,2025-03-24,ไม่ผ่านเกณฑ์
ตึกแถว ฟู้ดคาเฟ่,ร้านจำหน่ายอาหาร,ตลาดใหญ่,เมืองภูเก็ต,ภูเก็ต,SAN,2025-03-24,ไม่ผ่านเกณฑ์
ยากินิคุ สามกอง 9999,ร้านบุฟเฟ่ต์ (ปิ้งย่าง/ชาบู/สุกี้),ตลาดใหญ่,เมืองภูเก็ต,ภูเก็ต,SAN,2025-03-24,ไม่ผ่านเกณฑ์
ซีซิก (SEASIX),ร้านจำหน่ายอาหาร,ตลาดใหญ่,เมืองภูเก็ต,ภูเก็ต,มาตรฐาน SAN,2025-03-24,หมดอายุ
โอชารส,ร้านจำหน่ายอาหาร,ตลาดใหญ่,เมืองภูเก็ต,ภูเก็ต,มาตรฐาน SAN,2025-03-24,หมดอายุ
โกต๊า ข้าวมันไก่,ร้านจำหน่ายอาหาร,ตลาดใหญ่,เมืองภูเก็ต,ภูเก็ต,มาตรฐาน SAN,2025-03-24,หมดอายุ
ยำแล้วแก้วเห้อ,ร้านจำหน่ายอาหาร,ตลาดใหญ่,เมืองภูเก็ต,ภูเก็ต,มาตรฐาน SAN,2025-03-24,หมดอายุ
Pizzeria Da Moreno @ Town,ร้านจำหน่ายอาหาร,ตลาดใหญ่,เมืองภูเก็ต,ภูเก็ต,มาตรฐาน SAN,2025-03-24,หมดอายุ
สวนอาหารศรีตรัง,ร้านจำหน่ายอาหาร,ตลาดใหญ่,เมืองภูเก็ต,ภูเก็ต,มาตรฐาน SAN,2025-03-24,หมดอายุ
MoDo Pizza โมโด้พิซซ่,ร้านจำหน่ายอาหาร,ตลาดใหญ่,เมืองภูเก็ต,ภูเก็ต,มาตรฐาน SAN,2025-03-24,หมดอายุ
เจ๊สาวหมกไก่ สาขา 2,ร้านจำหน่ายอาหาร,ตลาดใหญ่,เมืองภูเก็ต,ภูเก็ต,มาตรฐาน SAN,2025-03-24,หมดอายุ
เซเว่นอีเลฟเว่น สาขาหน้ารพ.วชิระ,ร้านจำหน่ายอาหาร,ตลาดใหญ่,เมืองภูเก็ต,ภูเก็ต,มาตรฐาน SAN,2025-03-24,หมดอายุ
เซเว่นอีเลฟเว่น สาขาเยาวราช 2,ร้านจำหน่ายอาหาร,ตลาดใหญ่,เมืองภูเก็ต,ภูเก็ต,SAN PLUS,2024-07-10,หมดอายุ
เซเว่นอีเลฟเว่น สาขาซอยพะเนียง,ร้านจำหน่ายอาหาร,ตลาดใหญ่,เมืองภูเก็ต,ภูเก็ต,มาตรฐาน SAN,2025-03-24,หมดอายุ
โก้ดำข้าวมันไก่,ร้านจำหน่ายอาหาร,ตลาดใหญ่,เมืองภูเก็ต,ภูเก็ต,SAN,2025-07-29,รับรอง
ก๋วยจั๊บญวน หมูยอ @สามกอง,ร้านจำหน่ายอาหาร,ตลาดใหญ่,เมืองภูเก็ต,ภูเก็ต,มาตรฐาน SAN,2025-03-24,หมดอายุ
อเมซอน,ร้านจำหน่ายอาหาร,ตลาดใหญ่,เมืองภูเก็ต,ภูเก็ต,มาตรฐาน SAN,2025-03-24,หมดอายุ
ร้านแคทตาล็อก,ร้านจำหน่ายอาหาร,ตลาดใหญ่,เมืองภูเก็ต,ภูเก็ต,มาตรฐาน SAN,2025-03-24,หมดอายุ
ติ่มซำสามกอง,ร้านจำหน่ายอาหาร,ตลาดใหญ่,เมืองภูเก็ต,ภูเก็ต,มาตรฐาน SAN,2025-03-24,หมดอายุ
ทูเอน่า คาซ่า เดล,ร้านจำหน่ายอาหาร,กะรน,เมืองภูเก็ต,ภูเก็ต,SAN,2025-03-25,ไม่ผ่านเกณฑ์
โรงแรมภูเก็ต ซีแซนด์ (ห้องอาหารTom Yam Kung),ร้านจำหน่ายอาหาร,กะรน,เมืองภูเก็ต,ภูเก็ต,มาตรฐาน SAN,2025-03-25,หมดอายุ
เบอร์เกอร์คิง,ร้านจำหน่ายอาหาร,กะรน,เมืองภูเก็ต,ภูเก็ต,SAN,2025-03-25,ไม่ผ่านเกณฑ์
เดอะ คอฟฟี่ คลับ สาขา โกลว์ มิร่า กะรน,ร้านจำหน่ายอาหาร,กะรน,เมืองภูเก็ต,ภูเก็ต,มาตรฐาน SAN,2025-03-25,หมดอายุ
โรงแรมพลูแมน (ห้องอาหาร Buon Appetito),ภัตาคาร,กะรน,เมืองภูเก็ต,ภูเก็ต,มาตรฐาน SAN,2025-03-25,หมดอายุ
โรงแรมพลูแมน (ห้องอาหาร Sails),ภัตาคาร,กะรน,เมืองภูเก็ต,ภูเก็ต,SAN,2025-03-25,ไม่ผ่านเกณฑ์
ไอทะเล,ร้านจำหน่ายอาหาร,กะรน,เมืองภูเก็ต,ภูเก็ต,SAN,2025-03-25,ไม่ผ่านเกณฑ์
โรงแรมชนาลัย ฟลอร่า รีสอร์ท (ห้องอาหาร เทอเรส),ภัตาคาร,กะรน,เมืองภูเก็ต,ภูเก็ต,SAN,2025-07-29,รับรอง
โรงแรม ชนาลัย การ์เด็น รีสอร์ท (ห้องอาหาร มรกต),ภัตาคาร,กะรน,เมืองภูเก็ต,ภูเก็ต,SAN,2025-03-25,ไม่ผ่านเกณฑ์
หลบบ้าน,ร้านจำหน่ายอาหาร,เกาะแก้ว,เมืองภูเก็ต,ภูเก็ต,มาตรฐาน SAN,2025-03-26,หมดอายุ
ไอศกรีมทรงเครื่อง,ร้านจำหน่ายอาหาร,ตลาดใหญ่,เมืองภูเก็ต,ภูเก็ต,SAN,2025-03-28,ไม่ผ่านเกณฑ์
ครัวอินดี้,ร้านจำหน่ายอาหาร,ตลาดใหญ่,เมืองภูเก็ต,ภูเก็ต,มาตรฐาน SAN,2025-03-28,หมดอายุ
น้ำเต้าหู้ เยาวราช,ร้านจำหน่ายอาหาร,ตลาดใหญ่,เมืองภูเก็ต,ภูเก็ต,SAN,2025-03-28,ไม่ผ่านเกณฑ์
ร็อคกิ้น เองเจิ้ล แจมมิน คาเฟ่,ร้านเครื่องดื่ม,ตลาดใหญ่,เมืองภูเก็ต,ภูเก็ต,SAN,2025-03-28,ไม่ผ่านเกณฑ์
-,ร้านจำหน่ายอาหาร,ตลาดใหญ่,เมืองภูเก็ต,ภูเก็ต,SAN,2025-03-28,ไม่ผ่านเกณฑ์
สยามเบเกอรี่,ร้านจำหน่ายอาหาร,ตลาดใหญ่,เมืองภูเก็ต,ภูเก็ต,มาตรฐาน SAN,2025-03-28,หมดอายุ
Paul Hostel,ร้านเครื่องดื่ม,ตลาดใหญ่,เมืองภูเก็ต,ภูเก็ต,SAN,2025-03-28,ไม่ผ่านเกณฑ์
Bake The Story,ร้านจำหน่ายอาหาร,ตลาดใหญ่,เมืองภูเก็ต,ภูเก็ต,SAN,2025-03-28,ไม่ผ่านเกณฑ์
ชมจันทร์,ร้านจำหน่ายอาหาร,ตลาดใหญ่,เมืองภูเก็ต,ภูเก็ต,SAN,2024-08-30,รับรอง
กิตติก๋วยเตี๋ยวเป็ด สาขา 4,ร้านจำหน่ายอาหาร,ตลาดใหญ่,เมืองภูเก็ต,ภูเก็ต,SAN,2025-03-28,ไม่ผ่านเกณฑ์
Sri The Shophouse,ร้านจำหน่ายอาหาร,ตลาดใหญ่,เมืองภูเก็ต,ภูเก็ต,มาตรฐาน SAN,2025-03-28,หมดอายุ
กัปตันบาร์ ,ร้านจำหน่ายอาหาร,ตลาดใหญ่,เมืองภูเก็ต,ภูเก็ต,มาตรฐาน SAN,2025-03-28,หมดอายุ
ครัวเมอร์ลิน,ร้านจำหน่ายอาหาร,ตลาดใหญ่,เมืองภูเก็ต,ภูเก็ต,มาตรฐาน SAN,2025-03-28,หมดอายุ
ร้าน Airport Cafe,ร้านเครื่องดื่ม,ไม้ขาว,ถลาง,ภูเก็ต,SAN,2025-04-25,ไม่ผ่านเกณฑ์
ร้าน Oscars Burger,ร้านจำหน่ายอาหาร,ไม้ขาว,ถลาง,ภูเก็ต,SAN,2025-07-21,รับรอง
บริษัท เซ็นทรัล ฟู้ด มินิมาร์เก็ต จำกัด สาขา หาดสุรินทร์ 2,อื่นๆ,เชิงทะเล,ถลาง,ภูเก็ต,SAN,2025-04-25,ไม่ผ่านเกณฑ์
บริษัท เซ็นทรัล ฟู้ด มินิมาร์เก็ต จำกัด สาขา หาดในยาง,อื่นๆ,สาคู,ถลาง,ภูเก็ต,มาตรฐาน SAN,2025-04-25,หมดอายุ
บริษัท เซ็นทรัล ฟู้ด มินิมาร์เก็ต จำกัด สาขา ลากูน่า ภูเก็ต,อื่นๆ,เชิงทะเล,ถลาง,ภูเก็ต,มาตรฐาน SAN,2025-04-25,หมดอายุ
โอโตยะ  สาขาเซ็นทรัลภูเก็ต,ร้านจำหน่ายอาหาร,วิชิต,เมืองภูเก็ต,ภูเก็ต,มาตรฐาน SAN,2025-04-23,หมดอายุ
น้ำเต้าหู้เที่ยงคืนภูเก็ต,ร้านจำหน่ายอาหาร,เทพกระษัตรี,ถลาง,ภูเก็ต,SAN,2025-04-17,ไม่ผ่านเกณฑ์
The Zett Restaurant,ร้านจำหน่ายอาหาร,เทพกระษัตรี,ถลาง,ภูเก็ต,มาตรฐาน SAN,2025-04-17,หมดอายุ
ร้านลาบเป็ดขอนแก่น,ร้านจำหน่ายอาหาร,เทพกระษัตรี,ถลาง,ภูเก็ต,มาตรฐาน SAN,2025-04-17,หมดอายุ
Open kitchen,ร้านจำหน่ายอาหาร,เชิงทะเล,ถลาง,ภูเก็ต,SAN,2025-04-23,ไม่ผ่านเกณฑ์
อัลบาทรอซ คาเฟ่ แอนด์ ผับ,ร้านจำหน่ายอาหาร,เชิงทะเล,ถลาง,ภูเก็ต,SAN,2024-09-05,รับรอง
Off Course restaurant,ร้านจำหน่ายอาหาร,เชิงทะเล,ถลาง,ภูเก็ต,SAN,2025-04-23,ไม่ผ่านเกณฑ์
Unnis Bangtao,ร้านจำหน่ายอาหาร,เชิงทะเล,ถลาง,ภูเก็ต,SAN,2025-04-23,ไม่ผ่านเกณฑ์
ครัวพระยาภูเก็ต,ร้านจำหน่ายอาหาร,ศรีสุนทร,ถลาง,ภูเก็ต,SAN,2025-05-10,รับรอง
โอ๊ะโอ ฟาร์ม สวนหลวง,ร้านจำหน่ายอาหาร,ตลาดเหนือ,เมืองภูเก็ต,ภูเก็ต,SAN,2025-04-25,ไม่ผ่านเกณฑ์
ร้านอานตี้ แอนต์ โลตัสถลาง,ร้านจำหน่ายอาหาร,เทพกระษัตรี,ถลาง,ภูเก็ต,มาตรฐาน SAN,2025-04-25,หมดอายุ
เอ็ม เค เรสโตรอง MK สาขาโลตัสถลาง,ร้านบุฟเฟ่ต์ (ปิ้งย่าง/ชาบู/สุกี้),เทพกระษัตรี,ถลาง,ภูเก็ต,มาตรฐาน SAN,2025-04-25,หมดอายุ
ห้องอาหารจำปา,ศูนย์อาหาร,เทพกระษัตรี,ถลาง,ภูเก็ต,SAN,2025-04-25,ไม่ผ่านเกณฑ์
บจก.จอมทองสิงห์ ปิโตรเลียม,ศูนย์อาหาร,เทพกระษัตรี,ถลาง,ภูเก็ต,SAN,2024-09-19,รับรอง
Cafe amazon ,ร้านเครื่องดื่ม,เทพกระษัตรี,ถลาง,ภูเก็ต,มาตรฐาน SAN,2025-04-25,หมดอายุ
The Pizza company สาขาโลตัสถลาง,ร้านจำหน่ายอาหาร,เทพกระษัตรี,ถลาง,ภูเก็ต,SAN,2025-04-25,ไม่ผ่านเกณฑ์
KFC ปตท. ถลาง,ร้านจำหน่ายอาหาร,เทพกระษัตรี,ถลาง,ภูเก็ต,มาตรฐาน SAN,2025-04-25,หมดอายุ
Yayoi บริษัท เอ็ม เค อินเดอร์ฟู้ด จำกัด,ร้านจำหน่ายอาหาร,เทพกระษัตรี,ถลาง,ภูเก็ต,SAN,2025-04-25,ไม่ผ่านเกณฑ์
ร้านอาหารตั้งโต๊ะและคาเฟ่,ร้านจำหน่ายอาหาร,ฉลอง,เมืองภูเก็ต,ภูเก็ต,SAN,2025-04-25,ไม่ผ่านเกณฑ์
ภูเก็ตอันเอง 2,ร้านจำหน่ายอาหาร,ฉลอง,เมืองภูเก็ต,ภูเก็ต,มาตรฐาน SAN,2025-04-25,หมดอายุ
KFC สาขาโลตัสถลาง,ร้านจำหน่ายอาหาร,เทพกระษัตรี,ถลาง,ภูเก็ต,SAN,2025-04-25,ไม่ผ่านเกณฑ์
ร้านข้าวแกงคุณแม่จู้,ร้านจำหน่ายอาหาร,เทพกระษัตรี,ถลาง,ภูเก็ต,SAN,2025-04-25,ไม่ผ่านเกณฑ์
ร้านบูสเตอร์ เดลี่ แอนด์ บาร์,อื่นๆ,เทพกระษัตรี,ถลาง,ภูเก็ต,SAN,2025-04-25,ไม่ผ่านเกณฑ์
ร้านอาหารดีไวน์,ร้านจำหน่ายอาหาร,เทพกระษัตรี,ถลาง,ภูเก็ต,SAN,2025-04-25,ไม่ผ่านเกณฑ์
ครัวพนักงาน PISC,ร้านจำหน่ายอาหาร,เทพกระษัตรี,ถลาง,ภูเก็ต,SAN,2025-04-25,ไม่ผ่านเกณฑ์
วี คาเฟ่ ,ร้านจำหน่ายอาหาร,ราไวย์,เมืองภูเก็ต,ภูเก็ต,SAN,2024-11-12,รับรอง
ร้านอาหารกาบกล้วย,ร้านจำหน่ายอาหาร,ป่าตอง,กะทู้,ภูเก็ต,SAN,2024-11-12,รับรอง
ทรีมังกี้ เรสเตอรองค์,ร้านจำหน่ายอาหาร,วิชิต,เมืองภูเก็ต,ภูเก็ต,SAN,2025-04-28,ไม่ผ่านเกณฑ์
ลิตเติ้ล เอโดะ ภูเก็ต,ร้านจำหน่ายอาหาร,วิชิต,เมืองภูเก็ต,ภูเก็ต,SAN,2025-04-28,ไม่ผ่านเกณฑ์
Mousse,ร้านจำหน่ายอาหาร,เชิงทะเล,ถลาง,ภูเก็ต,มาตรฐาน SAN,2025-04-28,หมดอายุ
บาร์เทลส์,ร้านจำหน่ายอาหาร,เชิงทะเล,ถลาง,ภูเก็ต,มาตรฐาน SAN,2025-04-28,หมดอายุ
Spice House,ร้านจำหน่ายอาหาร,เชิงทะเล,ถลาง,ภูเก็ต,มาตรฐาน SAN,2025-04-28,หมดอายุ
WOO PHUKET,ร้านจำหน่ายอาหาร,เชิงทะเล,ถลาง,ภูเก็ต,มาตรฐาน SAN,2025-04-28,หมดอายุ
The Local Kitchen,ร้านจำหน่ายอาหาร,เชิงทะเล,ถลาง,ภูเก็ต,มาตรฐาน SAN,2025-04-28,หมดอายุ
กระเช้าสีดา,ร้านจำหน่ายอาหาร,เกาะแก้ว,เมืองภูเก็ต,ภูเก็ต,มาตรฐาน SAN,2025-04-29,หมดอายุ
กล้วยน้ำว้า,ร้านจำหน่ายอาหาร,ตลาดใหญ่,เมืองภูเก็ต,ภูเก็ต,SAN,2025-04-30,ไม่ผ่านเกณฑ์
โย โภชนา,ร้านจำหน่ายอาหาร,ตลาดใหญ่,เมืองภูเก็ต,ภูเก็ต,SAN,2024-09-05,รับรอง
เซเว่นอีเลฟเว่น สาขารพ.กรุงเทพ,ร้านจำหน่ายอาหาร,ตลาดใหญ่,เมืองภูเก็ต,ภูเก็ต,SAN,2024-09-05,รับรอง
ก๋วยเตี๋ยวต้มยำกุ้งมะนาวไข่หวาน,ร้านจำหน่ายอาหาร,ตลาดใหญ่,เมืองภูเก็ต,ภูเก็ต,SAN,2024-09-05,รับรอง
บจก.อาร์ท บอคซ์ แคทเทอริ่ง,ร้านจำหน่ายอาหาร,ตลาดใหญ่,เมืองภูเก็ต,ภูเก็ต,SAN,2025-05-01,ไม่ผ่านเกณฑ์
เดอะ คอฟฟี่ คลับ สาขาภูเก็ต โอลด์ทาวน์,ร้านจำหน่ายอาหาร,ตลาดใหญ่,เมืองภูเก็ต,ภูเก็ต,SAN,2025-06-18,รับรอง
เด็กซน,ร้านจำหน่ายอาหาร,ตลาดใหญ่,เมืองภูเก็ต,ภูเก็ต,มาตรฐาน SAN,2025-05-06,หมดอายุ
Chair Café,ร้านจำหน่ายอาหาร,ตลาดใหญ่,เมืองภูเก็ต,ภูเก็ต,SAN,2025-08-04,รับรอง
ห้องอาหาร Grace Bar & Grill,ร้านจำหน่ายอาหาร,ป่าตอง,กะทู้,ภูเก็ต,SAN,2025-05-13,ไม่ผ่านเกณฑ์
Pool Bar ,ร้านจำหน่ายอาหาร,ป่าตอง,กะทู้,ภูเก็ต,SAN,2024-08-30,รับรอง
Lobby Bar ,ร้านจำหน่ายอาหาร,ป่าตอง,กะทู้,ภูเก็ต,SAN,2024-08-30,รับรอง
Phuket Graceland Resort & Spa (บัวหลวง),ร้านจำหน่ายอาหาร,ป่าตอง,กะทู้,ภูเก็ต,SAN,2025-05-13,ไม่ผ่านเกณฑ์
Phuket Graceland Resort & Spa (ซันเซ็ท),ร้านจำหน่ายอาหาร,ป่าตอง,กะทู้,ภูเก็ต,SAN,2024-08-30,รับรอง
Phuket Graceland Resort & Spa (ซันเซทเบียร์ คาเฟ่),ร้านจำหน่ายอาหาร,ป่าตอง,กะทู้,ภูเก็ต,SAN,2025-05-13,ไม่ผ่านเกณฑ์
MONDO,ร้านจำหน่ายอาหาร,ตลาดใหญ่,เมืองภูเก็ต,ภูเก็ต,SAN,2025-07-01,รับรอง
LUME,ร้านจำหน่ายอาหาร,เกาะแก้ว,เมืองภูเก็ต,ภูเก็ต,SAN,2025-05-23,ไม่ผ่านเกณฑ์
ร้านกาแฟ สตาร์บัคส์ สาขา Chic Republic Phuket,ร้านเครื่องดื่ม,เกาะแก้ว,เมืองภูเก็ต,ภูเก็ต,SAN,2025-05-23,ไม่ผ่านเกณฑ์
ห้องอาหารโคโค่ KoKo,ร้านจำหน่ายอาหาร,เกาะแก้ว,เมืองภูเก็ต,ภูเก็ต,SAN,2025-05-29,ไม่ผ่านเกณฑ์
ห้องอาหารกาบัง KABANG,ร้านจำหน่ายอาหาร,เกาะแก้ว,เมืองภูเก็ต,ภูเก็ต,SAN,2025-05-29,ไม่ผ่านเกณฑ์
ห้องอาหารคูชิน่า KUCINA,ร้านจำหน่ายอาหาร,เกาะแก้ว,เมืองภูเก็ต,ภูเก็ต,SAN,2025-05-29,ไม่ผ่านเกณฑ์
ห้องอาหาร LAKU,ร้านจำหน่ายอาหาร,เกาะแก้ว,เมืองภูเก็ต,ภูเก็ต,SAN,2025-05-29,ไม่ผ่านเกณฑ์
บรืษัท เดอะวืลเลจ แมเนจเม้นท์ จำกัด,อื่นๆ,เกาะแก้ว,เมืองภูเก็ต,ภูเก็ต,SAN,2025-07-09,รับรอง
AL SARAB,ร้านจำหน่ายอาหาร,เกาะแก้ว,เมืองภูเก็ต,ภูเก็ต,SAN,2025-05-30,ไม่ผ่านเกณฑ์
SOHO POOL CLUB,ร้านจำหน่ายอาหาร,เกาะแก้ว,เมืองภูเก็ต,ภูเก็ต,SAN,2024-10-17,รับรอง
บริษัท เดอะ วิลเลจ แมเนจเม้นท์ จำกัด,อื่นๆ,เกาะแก้ว,เมืองภูเก็ต,ภูเก็ต,SAN,2024-12-27,รับรอง
บริษัท เซ็นทรัล ฟู้ด รีเทล จำกัด สาขา ซอยนาในร่วมใจ ภูเก็ต,อื่นๆ,ป่าตอง,กะทู้,ภูเก็ต,SAN,2024-12-04,รับรอง
Kantok ,ร้านจำหน่ายอาหาร,ป่าตอง,กะทู้,ภูเก็ต,SAN,2024-11-01,รับรอง
เดรี่ควีน โลตัส,ร้านจำหน่ายอาหาร,เทพกระษัตรี,ถลาง,ภูเก็ต,SAN,2025-07-27,รับรอง
ครัวเคนทีน แม็ครโคร,ศูนย์อาหาร,เทพกระษัตรี,ถลาง,ภูเก็ต,SAN,2024-11-06,รับรอง
ชาวดอย คอฟฟี่ (สาขาปั๊มน้ำมันคาลเท็ก),ร้านจำหน่ายอาหาร,เทพกระษัตรี,ถลาง,ภูเก็ต,SAN,2025-06-16,รับรอง
Shell Cafe,ร้านจำหน่ายอาหาร,เทพกระษัตรี,ถลาง,ภูเก็ต,SAN,2024-11-05,รับรอง
ห้องอาหาร เดอะรับเบอร์ โฮเทล,อื่นๆ,เทพกระษัตรี,ถลาง,ภูเก็ต,SAN,2024-11-05,รับรอง
เฉลี่ยนหนา คาเฟ่,ร้านจำหน่ายอาหาร,เทพกระษัตรี,ถลาง,ภูเก็ต,SAN,2024-11-05,รับรอง
ศูนย์อาหารโลตัส,ศูนย์อาหาร,เทพกระษัตรี,ถลาง,ภูเก็ต,SAN,2024-11-05,รับรอง
ซานตาเฟ่,ร้านจำหน่ายอาหาร,เทพกระษัตรี,ถลาง,ภูเก็ต,SAN,2025-06-11,ไม่ผ่านเกณฑ์
Black Canyon Coffee ,ร้านจำหน่ายอาหาร,เทพกระษัตรี,ถลาง,ภูเก็ต,SAN,2024-11-05,รับรอง
ลานดิน จิ้มจุ๋ม,ร้านจำหน่ายอาหาร,เทพกระษัตรี,ถลาง,ภูเก็ต,SAN,2024-11-05,รับรอง
ร้านฮาร์เวส อีทเทอรี่ แอนด์ คาเฟ่,ร้านจำหน่ายอาหาร,เทพกระษัตรี,ถลาง,ภูเก็ต,SAN,2024-11-05,รับรอง
The Pool Deck,ร้านจำหน่ายอาหาร,ป่าคลอก,ถลาง,ภูเก็ต,SAN,2024-12-13,รับรอง
Pool Bar,ร้านจำหน่ายอาหาร,ป่าตอง,กะทู้,ภูเก็ต,SAN,2024-12-13,รับรอง
Misty Bar,ร้านจำหน่ายอาหาร,ป่าตอง,กะทู้,ภูเก็ต,SAN,2024-12-13,รับรอง
ACCESS RESORT & VILLAS,ร้านจำหน่ายอาหาร,กะรน,เมืองภูเก็ต,ภูเก็ต,SAN,2025-03-21,รับรอง
ร้าน มันพร้าวส์,ร้านจำหน่ายอาหาร,กะรน,เมืองภูเก็ต,ภูเก็ต,SAN,2025-08-21,ไม่ผ่านเกณฑ์
MORNING GLORY,ร้านจำหน่ายอาหาร,เกาะแก้ว,เมืองภูเก็ต,ภูเก็ต,SAN,2025-07-27,รับรอง
Moracea Cafe and Deli,ร้านจำหน่ายอาหาร,เกาะแก้ว,เมืองภูเก็ต,ภูเก็ต,SAN,2025-07-27,รับรอง
หอม-หา,ร้านจำหน่ายอาหาร,เกาะแก้ว,เมืองภูเก็ต,ภูเก็ต,SAN,2025-07-04,ไม่ผ่านเกณฑ์
บริษัท นิลสุวรรณฟู้ด จำกัด,อื่นๆ,เกาะแก้ว,เมืองภูเก็ต,ภูเก็ต,SAN,2025-01-31,รับรอง
หอม-หา,ร้านจำหน่ายอาหาร,เกาะแก้ว,เมืองภูเก็ต,ภูเก็ต,SAN,2025-07-04,ไม่ผ่านเกณฑ์
หอม-หา,ร้านจำหน่ายอาหาร,เกาะแก้ว,เมืองภูเก็ต,ภูเก็ต,SAN,2025-04-08,รับรอง
หอม-หา,ร้านจำหน่ายอาหาร,เกาะแก้ว,เมืองภูเก็ต,ภูเก็ต,SAN,2025-04-08,รับรอง
โฮมเมดเบเกอรี่ภูเก็ต,ร้านจำหน่ายอาหาร,เกาะแก้ว,เมืองภูเก็ต,ภูเก็ต,SAN,2025-07-21,ไม่ผ่านเกณฑ์
อุโอเทรุ ภูเก็ต เกาะแก้ว,ร้านจำหน่ายอาหาร,เกาะแก้ว,เมืองภูเก็ต,ภูเก็ต,SAN,2025-04-29,รับรอง
Street café espresso bar Hair Salon,ร้านเครื่องดื่ม,กะรน,เมืองภูเก็ต,ภูเก็ต,SAN,2025-05-10,รับรอง
บัฟฟาโล่ สเต็ก เฮาส์ สาขา กะตะ,ร้านจำหน่ายอาหาร,กะรน,เมืองภูเก็ต,ภูเก็ต,SAN,2025-05-10,รับรอง
บัฟฟาโล่ สเต็ก เฮาส์ สาขา กะรน,ร้านจำหน่ายอาหาร,กะรน,เมืองภูเก็ต,ภูเก็ต,SAN,2025-05-10,รับรอง
ปิ่นโต,ร้านจำหน่ายอาหาร,กะรน,เมืองภูเก็ต,ภูเก็ต,SAN,2025-05-10,รับรอง
ดับเบิ้ลเอส คาเฟ่ คอฟฟี่ แอนด์ บาร์,ร้านเครื่องดื่ม,กะรน,เมืองภูเก็ต,ภูเก็ต,SAN,2025-08-21,ไม่ผ่านเกณฑ์
โรงแรมชูการ์ปาล์มแกรนด์ฮิลล์ไซด์,อื่นๆ,กะรน,เมืองภูเก็ต,ภูเก็ต,SAN,2025-05-10,รับรอง
โอ๊ะ โอ ปาล์มสแคว 1,ร้านจำหน่ายอาหาร,กะรน,เมืองภูเก็ต,ภูเก็ต,SAN,2025-05-10,รับรอง
โอ๊ะ โอ ปาล์มสแคว 2,ร้านจำหน่ายอาหาร,กะรน,เมืองภูเก็ต,ภูเก็ต,SAN,2025-05-10,รับรอง
โอ๊ะ โอ ฟาร์ม กะรน,ร้านจำหน่ายอาหาร,กะรน,เมืองภูเก็ต,ภูเก็ต,SAN,2025-05-10,รับรอง
ห้องอาหาร Hongu (วี กะตะ ลักซัวรี),อื่นๆ,กะรน,เมืองภูเก็ต,ภูเก็ต,SAN,2025-05-10,รับรอง
MaMa Jin Restaurant,ร้านจำหน่ายอาหาร,กะรน,เมืองภูเก็ต,ภูเก็ต,SAN,2025-05-10,รับรอง
ห้องอาหาร Chaba (Grand Kata Vip),อื่นๆ,กะรน,เมืองภูเก็ต,ภูเก็ต,SAN,2025-05-10,รับรอง
Karon Kata Boutique,อื่นๆ,กะรน,เมืองภูเก็ต,ภูเก็ต,SAN,2025-08-21,ไม่ผ่านเกณฑ์
